response,category
"Thank you for reaching out to us, we accept your offer",right contact
Thank you for reaching out! We would love to have you join our team. Please send the application to my email and we will get back to you soon.,right contact
Yes! I'm in. Let's get started!,right contact
"Thank you for your consideration in sending us this offer, we confirm",right contact
"Hello, we accept ",right contact
Please schedule a meeting to take this forward as we are interested,right contact
"Hi there, thank you for contacting us, please let us know when we can meet to ask further questions",right contact
interested,right contact
we confirm our participation,right contact
"Your pitch seems interesting, we can we meet to discuss ",right contact
I'm interested and ready to take the next steps.,right contact
"Sounds great, let's proceed!",right contact
"Thank you for your email, we will be in touch soon.",right contact
"I agree with your suggestion, let's move forward",right contact
I can confirm my participation in this.,right contact
OK,right contact
"Thank you for your interest in our company. We will get back to you shortly. In the meantime, if you have any further questions, please do not hesitate to contact us.",right contact
"Hi, I'm interested",right contact
"Hello there, our company confirms our participation in this",right contact
I'd like to accept the offer please,right contact
"OK, we accept",right contact
I’m excited to move forward with this,right contact
Thank you for your inquiry. We will be in touch soon.,right contact
I'm onboard,right contact
Thanks for sharing! I'm busy right now but I'll get back to you very soon with a proper response,right contact
"Hello, thank you for reaching out, we confirm.",right contact
Thank you for letting me know about this. I'll look into the process of requesting it with my seniors,right contact
"Thank you for your message, Im happy to inform that I am interested in the opportunity you presented.",right contact
"Thank you for your offer, we will get back to you very soon as we are interested",right contact
"thank you, we would like to know more about your pitch",right contact
Please schedule a meeting as we have some questions before we could confirm,right contact
"Thanks for your interest in our company, we are delighted to accept your offer",right contact
"Absolutely, I'm ready to move forward.",right contact
"Thank you for your email. I apologize for the inconvenience. I'm a little bit busy right now, would you mind to call me on 773-478-5211?",right contact
"Thank you for your offer, we will send you our customized confirmation letter shortly.",right contact
I’d be happy to proceed with this,right contact
thanks for the information. We accept and look forward to work with you all ,right contact
"Count me in, I’m ready",right contact
"That sounds good to me, let’s move ahead",right contact
Let us get started,right contact
Thank you for your offer. I would like to accept it.,right contact
Thank you for the offer. We confirm our interest.,right contact
I’m all set to get started,right contact
"This works for me, let’s do it",right contact
"I'm on board with this, let's take the next step.",right contact
"I’m good with the proposal, let's proceed.",right contact
Sounds like a big step.  Great opportunity though. We acccept.,right contact
"Hi, Thanks for your email. I will be out of office for the next 10 days. Please contact me after 21st Feb.",right contact
"Everything looks great, I’m ready to go.",right contact
"I’m in agreement, let's move forward",right contact
We agree and accept your offer,right contact
Thanks for the information.  Can you schedule a meeting to discuss terms and conditions?,right contact
Sure ! Let us get started,right contact
"I’m ready to proceed, just let me know the next steps.",right contact
This is a good plan and I think it will benefit the company,right contact
"Hey there, we accept",right contact
Thank You.  Offer Approved.,right contact
"I’m eager to proceed, this looks great.",right contact
"Your approach and offer aligns with our viison, let us get started",right contact
"I agree with your approach, let's go ahead",right contact
"Thank you for the offer, it looks good to me",right contact
"Everything sounds good to me, I'm interested",right contact
"I’m fully onboard, let's get this started",right contact
"We have certain questions to ask, please set a meeting",right contact
Accept,right contact
"Our company was wanting an oppurtunity like this, great to have received this offer from you",right contact
Seems like a good oppurtunity ,right contact
we accept your offer and confirm our participation ,right contact
"Thank you for reaching out, this looks good",right contact
This seems excellent ! We confirm,right contact
I am the right  contact for this and this seems exciting,right contact
confirm,right contact
Interested in this. Can you send me the details?,right contact
"good business ,we accept",right contact
"Hi, I received your email and thank you for forwarding the details of this offer. I am very interested in this offer. Kindly let me know the details.",right contact
Thank you for the offer. Need to know more details so please let me know when I can meet with you ,right contact
"Hi, we accept",right contact
"Yes, accept",right contact
"Yes, I would like to participate in this offer. Thank you for reaching out.",right contact
we confirm our participation in this and look forward,right contact
I’m interested and ready to take the next steps,right contact
Let us go forward with this,right contact
"Alright, we confirm",right contact
Yes,right contact
Great!,right contact
Fantastic! Thanks for getting in touch. Please send me more details and I'll be in touch with you further to discuss this opportunity.,right contact
This sounds perfect for what we need,right contact
"Thank you for contacting us, we will send you a quote shortly.",right contact
Thanks for reaching out to us. We like what we hear ,right contact
This seems perfect,right contact
"hey there, let us go ahead",right contact
"Thanks, this seems fine",right contact
"Thank you for your interest in reaching out, we accept",right contact
Done,right contact
"Thank you for your offer, we are very much intersted",right contact
Let us proceed,right contact
"Hello, I am interested in this offer.",right contact
You have got yourself a deal,right contact
"thank you for reaching out, we looked into your offfer and we are interested",right contact
Thank you so much for your time and the opportunity to connect. I am excited to explore the potential for collaboration. I look forward to hearing from you soon.,right contact
I'm not involved with this.,not right contact
"Sorry, wrong address.",not right contact
Not the right contact.,not right contact
"Apologies, but you've contacted the incorrect person for this.",not right contact
I'm not associated with the project you're inquiring about.,not right contact
"Regrettably, I'm not involved with the subject of your email.",not right contact
Not my domain. Please reach out to any others,not right contact
"Thanks,This isn't my area of expertise.",not right contact
"I'm not the correct point of contact for this matter, I'm afraid.",not right contact
"Hi, You've reached someone unaffiliated with your request.",not right contact
I regret to inform you that this message is outside my domain.,not right contact
There seems to be a misunderstanding about my involvement in this matter.,not right contact
"I'm not the correct point of contact for this matter, I'm afraid.",not right contact
"Your email has landed in the wrong inbox, unfortunately.",not right contact
"Hi,I think you send the mail to the wrong person.",not right contact
Its irrvelant email.double check yourself.,not right contact
"Hello, you sent the mail to me.but i am no more part of the organization.",not right contact
"Hi,I believe I received this email by mistake",not right contact
I am not the person your'e looking for regarding this.,not right contact
"Thank you for your message. However, I am not the designated point of contact for this subject.",not right contact
"Sorry, I am  the Wrong Contact,please check your email.",not right contact
You've contacted the wrong office. I can't help with this,not right contact
Please be aware that your email has been directed to the wrong point of contact.,not right contact
"Thank you for reaching out. I've received your email, but I'm not the ideal person to address this inquiry.",not right contact
You've reached out to the wrong individual. I'm not involved in this.,not right contact
I believe you're looking for someone else. This isn't my role.,not right contact
There seems to be an error. I'm not the person you need.,not right contact
I don’t manage this type of request.,not right contact
I’m not the right person to reach out to about this matter.,not right contact
"Hello, I am not the person you're seeking.",not right contact
I don’t think this is meant for me.,not right contact
I’m not the right person to address this.,not right contact
I’m not the correct person for this mail.,not right contact
"Dear Sir, This email doesn’t relate to my duties.",not right contact
I’m not the right individual to handle this.,not right contact
I’m not the person responsible for this,not right contact
"Hey, I am not the person you're looking for.",not right contact
I’m not involved in this and can’t help,not right contact
"This isn’t my area, you should contact someone else.",not right contact
I’m not involved in this project,not right contact
This isn’t within my role. I suggest contacting someone who specializes in this area.,not right contact
I’m not the best person for this. Please reach out to someone else.,not right contact
I’m not the appropriate contact. Try another person for this request.,not right contact
I’m not the appropriate person for this inquiry,not right contact
"Hi, I think you might have sent this to me by mistake. Please verify the recipient",not right contact
"Hello, just a quick note to say this email doesn't seem to be for me. Please check!",not right contact
"Hi there, I think you might have mixed up the email addresses. This message wasn't meant for me.",not right contact
"Thanks for the email, but I believe this was sent to me in error. Let me know if you need anything from me.",not right contact
"Oops! I think you accidentally included me in this email chain. No worries, just letting you know!",not right contact
"I received your email, but it seems it wasn't meant for me. Please correct the recipient.",not right contact
"Thanks for the update, but I'm not the right person for this. Please check your recipient list",not right contact
"I appreciate the information, but I think you sent this to the wrong email. Just a heads up!",not right contact
"Hi there, I received your message, but it seems to be meant for someone else. Please verify.",not right contact
"I got your email, but I'm not the intended recipient. Please redirect it as needed.",not right contact
"Thanks for reaching out! However, I think this email was mistakenly sent to me.",not right contact
"I received your email, but it looks like it was sent to the wrong person. Let me know if I can help!",not right contact
"Thanks for the info, but I'm not involved in this matter. Please resend it to the correct person",not right contact
"Hi, I think you might have sent this to me by mistake. Please verify the recipient.",not right contact
"I appreciate the communication, but I believe this email was intended for someone else.",not right contact
"Thanks for the update! However, I think this was sent to me by mistake. Please check your list.",not right contact
"Hello! I received your email, but I'm not the person you're looking for. Please correct it!",not right contact
I think you sent this email to the wrong person. Just letting you know!,not right contact
"I appreciate the info, but I'm not involved in this discussion. Please redirect it",not right contact
"Hello, I’m not the correct recipient for this email. Kindly verify and redirect it to the intended individual",not right contact
"Thank you for your email, but I’m not the right contact for this request. Please redirect it to someone else.",not right contact
I think there might be a mix-up. I’m not the person who can assist with this matter.,not right contact
"Hi there, this email doesn’t seem to be meant for me. Please verify and send it to the appropriate person.",not right contact
"Thanks for reaching out, but I’m not involved in this area. You should contact someone else.",not right contact
"I appreciate the information, but this request is outside my responsibilities. Please redirect it to the right person.",not right contact
"Hello, it seems you’ve contacted me by mistake. I’m not the right person for this matter.",not right contact
"Thanks for the update, but I don’t handle these types of issues. Please forward it to someone who does.",not right contact
I’m not the correct contact. Please direct this email to someone else.,not right contact
"Hi, I'm not the correct point of contact for this inquiry",not right contact
"thank you for your interest, I'm not interested in the offer.",not right contact
I'm not involved in this matter.,not right contact
I'm not in a position to assist with this particular issue.,not right contact
You've reached someone unaffiliated with your request.,not right contact
I regret to inform you that this message is outside my domain.,not right contact
"Upon review, I've determined that this inquiry is not within my purview.",not right contact
Kindly be informed that I am not the intended recipient for this communication.,not right contact
I regret to say that this message falls outside the scope of my duties and expertise.,not right contact
I'm writing to clarify that I am not involved in the matter you've addressed.,not right contact
"I appreciate your email, but I believe there's been a misunderstanding regarding my role in this matter.",not right contact
I'm writing to clarify that I'm not the client you intended to reach out to.,not right contact
"Unfortunately, I'm not the person responsible for handling these requests.",not right contact
"I apologize for any confusion, but I'm not the consultant engaged for this project.",not right contact
"Hi, it seems you’re looking for a different client. I’m not the one you need.",not right contact
"Hello, I’m not the client you need. Please confirm and send your message to the right person",not right contact
"Hi, I’m not the client in question. Please reach out to the correct individual.",not right contact
"Thanks for reaching out, but I’m not the client you’re trying to contact. Please review and correct.",not right contact
I’m not the client you’re looking for. Please direct your message to the correct client.,not right contact
"I received your message, but I’m not the client you’re looking for. Please verify the recipient.",not right contact
"Thanks for reaching out, but this is not relevant to me. I’ll be ignoring this message.",not right contact
"I received your email, but it’s not something I need to address. I’ll be ignoring this for now.",not right contact
"Hello, this doesn’t apply to my responsibilities, so I’ll be disregarding it. Please contact the right person.",not right contact
"Hi, this message doesn’t concern me, so I won’t be acting on it. Please direct it to someone else.",not right contact
"Hi, this issue falls outside my responsibilities, so I won’t be addressing it. Please contact someone who handles this.",not right contact
"Thanks for the email, but this isn’t something I need to deal with. I’ll be ignoring this mail.",not right contact
"I appreciate the communication about the new project launch, but I believe this email was intended for someone else.",not right contact
This message seems to have been misdirected to my inbox.,not right contact
"Thanks, You’ve got the right person, but please include Daniel Anderson in future correspondence, as he handles the project details.",refer
"Correct contact, but make sure to loop in Sarah Collins as well; she's the lead on the account.",refer
"Yes, that’s me, but please cc Michael Evans on this as he oversees the related department.",refer
"I’m the right person, but please ensure David Turner is also included, as he’s managing the logistics.",refer
"Yes, I’m the one, but you should also add Rachel Scott to the emails since she’s involved in the decision-making process.",refer
"Spot on, but kindly include Jason Morgan in the conversation too; he’s the technical expert for this project.",refer
"I’m the right contact, but please make sure Jessica Brooks is copied as well, as she handles the client communications",refer
Correct person! Please include Emma Parker in your updates because she’s coordinating the team efforts.,refer
"Yes, you’ve reached me, but don’t forget to add Oliver White; he’s responsible for the budget approvals.",refer
"I’m the correct contact, but also include Mia Green, as she’s the point person for vendor relations.",refer
"You’ve got me, but please ensure Robert Harris is also included; he’s the key stakeholder for this initiative.",refer
"Yes, but make sure to copy Laura King on this as she manages the project timelines.",refer
"I’m the right person, but please add Charles Lewis to the loop since he handles compliance issues.",refer
Correct contact! Please also include Sophia Adams; she’s in charge of coordinating with external partners.,refer
"You’ve reached the right person, but don’t forget to add James Nelson; he oversees the integration process.",refer
"I’m the correct person, but please make sure Olivia Carter is included as she leads the strategy meetings.",refer
"Yes, that’s me, but please also include George Walker; he’s responsible for quality assurance.",refer
"Spot on, but please ensure Natalie Moore is copied as well; she’s handling the marketing aspects.",refer
"""I’m the right contact, but also include Samuel Young; he’s involved in the technical review.",refer
I'm not the appropriate contact for this matter. Please direct your inquiry to Sarah Johnson.,refer
You've reached the wrong person. Alex Thompson is better suited to handle this request.,refer
I'm afraid I'm not involved with this project. Please contact Michael Chen for assistance.,refer
"You're looking for David Lee, not me. He's the point person for these matters.",refer
I'm not the right recipient for this email. Olivia Parker is the correct contact.,refer
This request falls outside my jurisdiction. Please forward it to Christopher Wong.,refer
I don't handle these inquiries. Samantha Brown is the person you need to contact.,refer
You've contacted the wrong department. Please redirect this to Natalie Garcia.,refer
I'm not equipped to address this. Ryan Taylor is the appropriate person to assist you.,refer
This isn't my responsibility. Please get in touch with Jennifer Liu for this matter.,refer
You've reached the incorrect individual. Daniel Martinez oversees these requests.,refer
I'm not involved in this process. Please direct your questions to Amanda Foster,refer
This is outside my scope of work. Kevin O'Brien is the right person to contact.,refer
I'm not the designated contact for this. Please reach out to Lauren Campbell instead.,refer
You've mistakenly contacted me. This should go to Eric Nguyen.,refer
I don't have the authority to handle this. Please forward your request to Michelle Patel.,refer
This isn't part of my role. Thomas Wilson is the appropriate contact for this matter.,refer
I'm not the right person to address this. Please redirect your inquiry to Jessica Lee.,refer
You've reached the wrong desk. This falls under Robert Kim's responsibilities.,refer
I'm not familiar with this project. Please contact Sophia Chang for assistance.,refer
Correct! Please include Ava Murphy in future emails as she manages the client onboarding process.,refer
"Yes, you’ve got me, but also loop in Benjamin Clark; he’s overseeing the financial aspects.",refer
"I’m the right person, but please add Lily Mitchell to your communications; she’s the HR representative for this project.",refer
"Hi,You’ve reached the right contact, but don’t forget to include Ethan Harris; he handles project approvals.",refer
Correct person! Please ensure Grace Taylor is also copied as she coordinates the cross-functional teams.,refer
"Yes, but please include Sophia Rodriguez; she’s the main point of contact for customer support.",refer
"I’m the right person, but also make sure to add Jack Anderson; he’s leading the tech development.",refer
"You’ve got the right person, but please copy Amelia Brooks; she’s involved in the contract negotiations.",refer
Correct contact! Please also include Lucas Wright; he handles supplier relationships.,refer
"Yes, that’s me, but don’t forget to add Chloe Johnson; she’s managing the project milestones.",refer
"I’m the right person, but please include Ryan Davis; he oversees the implementation phase.",refer
This isn't my department. Andrew Scott is better positioned to help you with this.,refer
I'm not the correct recipient for this email. Please forward it to Rachel Goldstein.,refer
You're seeking the wrong person. This should be directed to Benjamin Torres.,refer
I don't oversee this area. Please get in touch with Victoria Nguyen for this matter.,refer
This isn't within my purview. James Patel is the appropriate contact for this request.,refer
I'm not involved with this initiative. Please reach out to Emma Ramirez instead.,refer
You've contacted the wrong team member. This falls under Ethan Cho's responsibilities.,refer
I'm not the right point of contact for this. Please direct your inquiry to Isabella Martinez,refer
This isn't my area of oversight. Please forward your request to Alexander Wong.,refer
This isn't my area of oversight. Please forward your request to Alexander Wong.,refer
"You've got the right person, but Sarah Johnson is covering for me right now.",refer
I have a friend who may be interested,refer
"Normally I'd handle this, but please reach out to Mike Chen. He's taking care of it currently.",refer
"I'm your regular point of contact, but Lisa Wong is overseeing this temporarily.",refer
"You're correct to contact me, but David Lee is handling these requests for the time being",refer
"I'm typically responsible for this, but Anna Martinez is in charge while I'm away.",refer
"You've reached the right department, but please direct this to Tom Brown for now.",refer
"I usually manage this, but Emily Patel is covering these tasks at present.",refer
"You're not wrong to email me, but Chris Taylor is the acting contact for this matter.",refer
"I'm the standard contact, but Rachel Green is dealing with these inquiries currently.",refer
"Typically this would be me, but James Wilson is handling it for the next few weeks.",refer
"You've found the right inbox, but please forward this to Karen Lee for the time being.",refer
"You're correct in contacting me, but Olivia Davis is currently overseeing this project.",refer
"I'm usually responsible, but Robert Kim is managing these requests at the moment.",refer
"You've reached the right person, but Sophie Clarke is temporarily in charge of this.",refer
"Normally I'd assist, but please contact Mark Rodriguez. He's handling this for now.",refer
"I'm your usual contact, but Jennifer Park is currently taking care of these matters.",refer
"You're not mistaken in emailing me, but Daniel Foster is the acting liaison for this.",refer
"I typically oversee this, but Emma Thompson is currently responsible for these tasks.",refer
"I'm usually your contact, but Natalie Zhao is taking the lead on this project temporarily.",refer
"Normally this is my domain, but Evelyn Cho is in charge while I'm on assignment.",refer
"You've got the right contact, but Adam Saunders is steering this ship at the moment.",refer
"Yes, I would like to take advantage of your offer.",refer
"You've found the correct inbox, but kindly forward this to Isabella Rossi for the time being.",refer
"I'm typically responsible, but Caleb Mitchell is managing these matters right now.",refer
"You're right to contact me, but Hannah Lee is temporarily overseeing this initiative.",refer
"I'm usually in charge of this, but please reach out to Jake Patel for the next month.",refer
"You've contacted the right person, but Sophia Nguyen is currently handling these requests.",refer
"Normally, this would be my area, but Lucas Garcia is taking care of it at present.",refer
"I'm your regular contact, but Emma Fitzgerald is covering these tasks for now.",refer
"You're not mistaken in emailing me, but Oliver Chang is the acting coordinator for this.",refer
"I typically manage this, but Ava Kowalski is currently responsible for these matters.",refer
"You've reached out to the right team, but Noah Singh is leading this project temporarily.",refer
"I'm usually your point of contact, but Lily Chen is handling these inquiries at the moment.",refer
"You're correct to email me, but Grace Thompson is currently in charge of this area.",refer
"I'm the usual handler, but please direct your questions to Max Suzuki for now.",refer
"I'm normally responsible for this, but Zara Patel is the acting contact at present.",refer
"You're not wrong to reach out to me, but Leo Sanchez is handling these matters for now.",refer
"I usually deal with this, but please forward your inquiry to Maya Gupta for the time being.",refer
I'm not the right person for this. Please get in touch with Samantha Brown.,refer
"Yes, I’m the right person for this, but I now go by Emma Brown and am part of Data Solutions Ltd.",name change
"I’m still the contact, but my name has changed to Michael Smith and I’m with Quantum Dynamics.",name change
"I am the correct contact, but please update your records to show Olivia Davis at NextGen Technologies.",name change
"You’ve reached the right person, but my new name is James Wilson and I’m now employed at Horizon Enterprises.",name change
"Yes, I’m still the contact, but I now operate under the name David Lee and at Bright Future Inc.",name change
"I’m still the right person, but please note my updated details: Sarah Taylor, working with Innovate Solutions.",name change
"I am the correct contact, but my name is now Daniel Brown, and I am with Modern Tech Co.",name change
"Yes, I’m the right person, but my name has changed to Natalie Wilson, and I’m with Apex Systems.",name change
"You’ve got the right contact, but my new company is Fusion Enterprises and I now go by Lucas Green.",name change
"Thank you for your email, but I'm afraid that we are not interested in your offer at this time.",name change
"Yep, it's me, but I go by Alex Johnson now.",name change
"Right person, new name. I'm Taylor Smith these days.",name change
"Same contact, different label. We've rebranded to TechNova Solutions.",name change
"You've got the right person, but I've changed my name to Jordan Lee.",name change
"Correct contact, but heads up - we're now called GreenLeaf Enterprises.",name change
"Still me, just with a fresh name tag. It's Morgan Patel now.",name change
"Good news - you found me! FYI, I go by Sam Rodriguez now.",name change
"Right inbox, new nameplate. We've changed to Quantum Dynamics Inc.",name change
"Spot on with the contact, but we've had a rebrand to BlueSky Technologies.",name change
You've reached the right person. Note: I've changed my name to Casey Wong.,name change
"Correct recipient, but please update your records. I'm now Robin Nguyen.",name change
I'm the person you're looking for. Please note our new company name: Apex Innovations.,name change
You've contacted the right individual. Kindly update to our new brand: Stellar Systems.,name change
"This is indeed the correct contact. However, we've undergone a name change to Harmony Healthcare.",name change
I confirm I'm the appropriate recipient. Please be informed of our rebrand to EcoSmart Solutions,name change
"Thanks for your offer, but I'm not interested.",name change
Your message has reached the intended party. Kindly note my name change to Avery Thompson.,name change
"Thanks,You have the right contact. For your records, our company is now Pinnacle Partners LLC.",name change
Confirming receipt as the correct contact. Please update to our new name: NexGen Robotics.,name change
I am the appropriate person for this communication. Note: I now go by Charlie Fernandez.,name change
Your email has reached its intended recipient. Please be advised of our name change to Global Synergy Group,name change
You've reached Jamie Parker. Note: I've recently adopted this new name.,name change
"Correct person, but we've evolved into Horizon Dynamics. Please adjust your records.",name change
Thank you. I will discuss this with my team.,name change
"It's me, formerly known as Chris Lee. I now answer to Alex Tran.",name change
"Yes, Right contact! FYI, we've transformed into Nexus Innovations. Kindly modify your files.",name change
"You found me, but I've transitioned to using the name Jordan Smith.",name change
"Yep, that's me. Heads up: I've embraced a new identity as Taylor Patel.",name change
"Correct recipient, but we've rebranded as Quantum Leap Technologies. Time to refresh your contact list!",name change
"You've got the right person. Just so you know, I've legally switched to Casey Wong.",name change
"Thank You, This is indeed your contact. We've upgraded our brand to Synergy Systems. Mind tweaking your address book?",name change
Right inbox! Quick note: Our company has blossomed into GreenScape Enterprises.,name change
"You've reached me, but I've recently altered my name to Avery Thompson.",name change
Correct party here. Just an FYI: we've reinvented ourselves as Nova Dynamics.,name change
"Right contact, new label. We've emerged as Pinnacle Partners. Time for a quick edit in your records!",name change
Correct destination! We've evolved into BlueSky Solutions. Could you kindly update your files?,name change
You've reached the intended recipient. I've recently adopted the name Morgan Lee.,name change
"Right person, but we've transformed into Apex Innovations. Would you mind adjusting your contacts?",name change
"Spot on with the email. Just letting you know, I've officially become Robin Nguyen.",name change
"You've reached the correct contact. FYI, we've merged with TechStar Inc. Our new name is NovaTech Solutions. Please update your records.",name change
"Yes, this is the right person. Just so you know, we've joined forces with GreenLeaf Enterprises. We're now EcoSynergy Group. Kindly revise our info.",name change
"You've got the right contact. Quick update: we've collaborated with Quantum Corp, becoming Quantum Apex Industries. Could you update your files?",name change
"This is indeed the correct recipient. We've recently partnered with Global Dynamics, now operating as Worldwide Innovations. Please adjust accordingly.",name change
"You've reached the intended person. Heads up: following our merger with BlueSky Corp, we're now Stellar Systems. Time for a quick update!",name change
"Correct, you've found the right contact. Note that we've combined operations with Nexus Technologies. We're now Fusion Enterprises.",name change
"Yes, I'm the person you're looking for. After collaborating with Pinnacle Partners, we've rebranded as Summit Alliance. Kindly modify your records.",name change
You've reached the appropriate contact. Our recent merger resulted in a new name: Harmony Healthcare Solutions. Mind updating your contacts?,name change
This is the right inbox. Just letting you know we've unified with EcoSmart Inc. We're now GreenWave Innovations. Please refresh your files.,name change
"You've got the correct person. Following our partnership with Apex Systems, we're now known as Peak Performance Technologies. Time for a quick edit!",name change
"Yes, you've reached the right contact. We've joined hands with NexGen Corp to form Future Frontiers. Please update accordingly.",name change
This is the person you're looking for. Our merger with Synergy Solutions has led to our new name: Optimum Dynamics. Kindly revise your records.,name change
You've contacted the correct individual. We've teamed up with Quantum Leap Technologies to become Horizon Breakthroughs. Please adjust your files.,name change
"Right person here. After merging with Nova Industries, we're proud to introduce Stellar Innovations. Time to update your contact list!",name change
You've reached the intended recipient. Our collaboration with Global Sync has resulted in our new identity: Worldwide Harmony Group. Please modify accordingly.,name change
"Yes, you've found the correct person. Following our merger with EcoSphere Solutions, we're now Planet Protectors Inc. Please revise your records.",name change
"Correct, this is the right contact. We've united with Apex Robotics to form Next-Level Automations. Kindly update our company name.",name change
You've reached the right party. We've combined forces with TechNova Corp to create Innovation Fusion. Time for a quick update!,name change
This is indeed the correct contact. Our recent partnership with Stellar Systems has led to our rebranding as Galactic Solutions. Please adjust your files.,name change
You've got the right person. We've merged with Pinnacle Dynamics to form Summit Innovations. Kindly update our company name in your address book.,name change
You’ve got the right person! I now go by Taylor Anderson after a recent name change for personal reasons.,name change
"Correct contact, but I’ve switched to the name Morgan Ray for a fresh start after moving to a new city.",name change
"It’s me, but our company has rebranded to Ascend Solutions following a strategic shift in our business focus.",name change
"Yes, you’ve reached me, but I now answer to Blake Rivers after adopting my spouse’s last name.",name change
"Spot on! Just an FYI, our company has evolved into Luminary Tech as part of our growth into new markets",name change
"I’m the one, but I’ve changed my name to Sydney Clarke to reflect a family heritage.",name change
"You’ve got the right person, but our business is now called Velocity Ventures after a recent acquisition.",name change
"It’s me! Just so you know, I now go by Avery Hale as part of a personal rebranding.",name change
Right contact! But we’ve rebranded as Quantum Innovations due to a major shift in our technology offerings.,name change
"Yes, that’s me, but I’ve recently started using the name Logan Ford to simplify things after a legal name change.",name change
Correct! Just a quick update—our company is now called Horizon Synergy after expanding into new sectors.,name change
"You found me, but I go by Charlie Emerson these days, a new name I’ve taken after a recent marriage.",name change
It’s still me! But our firm has rebranded to Zenith Dynamics to better reflect our innovative services.,name change
Right contact! I’ve transitioned to using the name Riley Brooks after relocating and starting a new chapter,name change
"You’re spot on, but I’m now part of Pinnacle Solutions after a partnership with another leading company.",name change
"Correct person, but I now answer to Jordan Taylor after a name change due to a legal matter.",name change
"It’s me, but our company name has changed to Infinite Horizons to better represent our global outreach.",name change
"Yes, you’ve reached me, but I’m using the name Dakota Reid now to align with my new personal identity.",name change
Spot on! Our business is now known as Apex Innovations after our merger with another tech firm.,name change
"That’s right, but I now go by Cameron Blake after a recent family name change.",name change
"Right contact, but our company has shifted to Vertex Enterprises to highlight our new direction.",name change
"You found me, but I’ve started using the name Payton Carter to reflect a new professional identity.",name change
"It’s me, but our company has changed its name to Radiant Technologies as part of a major rebranding effort.",name change
"Right person, but our company has transformed into Horizon Global as we expand into international markets.",name change
"I’m the one, but I go by Parker Hayes now after a personal rebranding that better suits me.",name change
"That’s me! Just a heads-up, I now use the name Skylar Morgan after embracing a new identity.",name change
"You’ve reached the right contact, but our business is now called Fusion Dynamics after a strategic restructuring.",name change
"Right contact! Just so you know, I now go by Casey Grey after legally changing my name.",name change
"Correct person, but our company is now named Synergy Nexus following a merger with a key partner.",name change
"Yes, you’ve reached the right person, but I now go by Riley Quinn after a recent decision to honor a family name.",name change
"Right contact! However, I’ve recently changed my name to Taylor Morgan for professional and personal reasons.",name change
